team,opponent,wins,losses
noobcoder,kingdom-of-afternoon-naps,9,48
noobcoder,the-mad-robotanists,0,19
noobcoder,the-casuals,19,75
noobcoder,chios,9,48
noobcoder,wut,27,55
noobcoder,binary-tree-stars,5,37
noobcoder,nausicaa,0,24
noobcoder,golbat-plants,16,34
noobcoder,the-goldman-clause,0,9
noobcoder,something-fun,8,28
noobcoder,needs-review,0,19
noobcoder,the-bagelers,5,35
noobcoder,null,0,45
noobcoder,nurv,19,53
noobcoder,gg-no-re,47,66
noobcoder,linymf,23,64
noobcoder,paper-pumpkin-posse,2,14
noobcoder,bojibbles,48,37
noobcoder,u-w0t-m8,0,32
noobcoder,the-great-dequeue-tree,16,58
noobcoder,failedtomakeateamname_2jpg,0,27
noobcoder,rest-in-pepperonis,29,37
noobcoder,the-ladder-dwellers,21,54
noobcoder,sudo-team,19,48
noobcoder,one-man-down,12,28
noobcoder,ratchet-rockers,9,47
noobcoder,420_cultivate_it,29,27
noobcoder,farally,15,38
noobcoder,lumate,17,85
noobcoder,we-came-for-the-food,0,24
noobcoder,the-ancients-are-at-mac-ten-spittin,6,28
noobcoder,mendelian-nightmare,1,48
noobcoder,teem-bahd-spelers,0,19
noobcoder,little-team-of-horrors,3,58
noobcoder,cognitive-play,2,33
noobcoder,team-gen-knoxx,14,65
noobcoder,petey-piranha,1,32
noobcoder,oversized-grow-lamp,0,14
noobcoder,we-came-for-the-shirts,16,39
noobcoder,the-square-roots,0,26
noobcoder,7-liters-of-darkness,2,26
noobcoder,farm-simulator-2014,0,21
noobcoder,tbredblacktree,42,29
noobcoder,the-deku-scrubs,0,20
kingdom-of-afternoon-naps,noobcoder,48,9
kingdom-of-afternoon-naps,the-mad-robotanists,23,24
kingdom-of-afternoon-naps,chios,42,21
kingdom-of-afternoon-naps,wut,55,10
kingdom-of-afternoon-naps,binary-tree-stars,43,31
kingdom-of-afternoon-naps,nausicaa,0,67
kingdom-of-afternoon-naps,golbat-plants,15,40
kingdom-of-afternoon-naps,needs-review,0,34
kingdom-of-afternoon-naps,something-fun,4,56
kingdom-of-afternoon-naps,the-goldman-clause,2,30
kingdom-of-afternoon-naps,the-bagelers,7,52
kingdom-of-afternoon-naps,null,0,45
kingdom-of-afternoon-naps,nurv,57,11
kingdom-of-afternoon-naps,gg-no-re,91,14
kingdom-of-afternoon-naps,linymf,42,15
kingdom-of-afternoon-naps,paper-pumpkin-posse,0,40
kingdom-of-afternoon-naps,bojibbles,73,1
kingdom-of-afternoon-naps,u-w0t-m8,35,32
kingdom-of-afternoon-naps,the-great-dequeue-tree,69,17
kingdom-of-afternoon-naps,failedtomakeateamname_2jpg,0,54
kingdom-of-afternoon-naps,rest-in-pepperonis,33,25
kingdom-of-afternoon-naps,the-ladder-dwellers,57,12
kingdom-of-afternoon-naps,sudo-team,62,7
kingdom-of-afternoon-naps,one-man-down,4,35
kingdom-of-afternoon-naps,ratchet-rockers,13,53
kingdom-of-afternoon-naps,420_cultivate_it,70,0
kingdom-of-afternoon-naps,farally,44,12
kingdom-of-afternoon-naps,lumate,31,39
kingdom-of-afternoon-naps,we-came-for-the-food,0,55
kingdom-of-afternoon-naps,the-ancients-are-at-mac-ten-spittin,13,42
kingdom-of-afternoon-naps,mendelian-nightmare,8,63
kingdom-of-afternoon-naps,teem-bahd-spelers,0,33
kingdom-of-afternoon-naps,little-team-of-horrors,23,38
kingdom-of-afternoon-naps,farm-simulator-2014,0,52
kingdom-of-afternoon-naps,cognitive-play,0,53
kingdom-of-afternoon-naps,team-gen-knoxx,23,31
kingdom-of-afternoon-naps,petey-piranha,12,35
kingdom-of-afternoon-naps,oversized-grow-lamp,0,36
kingdom-of-afternoon-naps,we-came-for-the-shirts,39,25
kingdom-of-afternoon-naps,the-square-roots,0,40
kingdom-of-afternoon-naps,7-liters-of-darkness,6,46
kingdom-of-afternoon-naps,the-casuals,41,30
kingdom-of-afternoon-naps,tbredblacktree,74,0
kingdom-of-afternoon-naps,the-deku-scrubs,0,38
the-mad-robotanists,noobcoder,19,0
the-mad-robotanists,kingdom-of-afternoon-naps,24,23
the-mad-robotanists,chios,41,0
the-mad-robotanists,wut,29,0
the-mad-robotanists,420_cultivate_it,30,0
the-mad-robotanists,binary-tree-stars,77,1
the-mad-robotanists,nausicaa,96,0
the-mad-robotanists,golbat-plants,56,51
the-mad-robotanists,needs-review,9,75
the-mad-robotanists,something-fun,6,46
the-mad-robotanists,the-goldman-clause,86,18
the-mad-robotanists,the-bagelers,57,5
the-mad-robotanists,null,56,0
the-mad-robotanists,nurv,34,0
the-mad-robotanists,gg-no-re,17,0
the-mad-robotanists,linymf,26,0
the-mad-robotanists,paper-pumpkin-posse,20,119
the-mad-robotanists,bojibbles,29,0
the-mad-robotanists,u-w0t-m8,62,0
the-mad-robotanists,the-great-dequeue-tree,22,0
the-mad-robotanists,failedtomakeateamname_2jpg,55,0
the-mad-robotanists,rest-in-pepperonis,30,0
the-mad-robotanists,the-ladder-dwellers,37,0
the-mad-robotanists,sudo-team,25,0
the-mad-robotanists,one-man-down,59,0
the-mad-robotanists,ratchet-rockers,37,0
the-mad-robotanists,farm-simulator-2014,51,43
the-mad-robotanists,farally,33,0
the-mad-robotanists,we-came-for-the-food,95,0
the-mad-robotanists,lumate,30,0
the-mad-robotanists,the-ancients-are-at-mac-ten-spittin,57,0
the-mad-robotanists,petey-piranha,74,0
the-mad-robotanists,teem-bahd-spelers,82,53
the-mad-robotanists,little-team-of-horrors,35,0
the-mad-robotanists,cognitive-play,76,20
the-mad-robotanists,team-gen-knoxx,17,0
the-mad-robotanists,mendelian-nightmare,60,4
the-mad-robotanists,oversized-grow-lamp,79,57
the-mad-robotanists,we-came-for-the-shirts,39,0
the-mad-robotanists,the-square-roots,14,91
the-mad-robotanists,7-liters-of-darkness,76,10
the-mad-robotanists,the-casuals,13,0
the-mad-robotanists,tbredblacktree,27,0
the-mad-robotanists,the-deku-scrubs,74,11
chios,kingdom-of-afternoon-naps,21,42
chios,noobcoder,48,9
chios,the-mad-robotanists,0,41
chios,wut,57,30
chios,420_cultivate_it,65,3
chios,binary-tree-stars,18,38
chios,nausicaa,0,50
chios,the-goldman-clause,0,28
chios,something-fun,0,40
chios,needs-review,1,31
chios,the-bagelers,0,54
chios,null,11,47
chios,nurv,62,15
chios,linymf,35,18
chios,the-casuals,82,6
chios,bojibbles,47,19
chios,u-w0t-m8,0,53
chios,we-came-for-the-shirts,36,33
chios,the-great-dequeue-tree,55,18
chios,failedtomakeateamname_2jpg,0,58
chios,rest-in-pepperonis,48,18
chios,oversized-grow-lamp,0,43
chios,the-ladder-dwellers,78,11
chios,sudo-team,53,23
chios,one-man-down,9,42
chios,ratchet-rockers,13,60
chios,gg-no-re,67,12
chios,farally,44,28
chios,lumate,42,40
chios,we-came-for-the-food,0,36
chios,the-ancients-are-at-mac-ten-spittin,15,51
chios,mendelian-nightmare,6,50
chios,paper-pumpkin-posse,0,29
chios,little-team-of-horrors,29,30
chios,cognitive-play,1,41
chios,team-gen-knoxx,62,7
chios,petey-piranha,4,51
chios,golbat-plants,4,44
chios,teem-bahd-spelers,0,37
chios,the-square-roots,0,32
chios,7-liters-of-darkness,0,54
chios,farm-simulator-2014,1,56
chios,tbredblacktree,42,26
chios,the-deku-scrubs,0,53
wut,noobcoder,55,27
wut,kingdom-of-afternoon-naps,10,55
wut,the-mad-robotanists,0,29
wut,chios,30,57
wut,binary-tree-stars,1,59
wut,nausicaa,0,30
wut,golbat-plants,0,19
wut,the-goldman-clause,0,23
wut,something-fun,1,36
wut,needs-review,0,18
wut,the-bagelers,0,40
wut,null,4,66
wut,nurv,38,43
wut,gg-no-re,78,23
wut,linymf,47,45
wut,the-casuals,71,28
wut,bojibbles,19,58
wut,u-w0t-m8,1,48
wut,the-great-dequeue-tree,45,48
wut,failedtomakeateamname_2jpg,0,48
wut,rest-in-pepperonis,23,43
wut,the-ladder-dwellers,45,53
wut,sudo-team,48,50
wut,one-man-down,1,33
wut,ratchet-rockers,12,55
wut,420_cultivate_it,11,64
wut,farally,32,40
wut,lumate,73,42
wut,we-came-for-the-food,1,36
wut,the-ancients-are-at-mac-ten-spittin,4,55
wut,paper-pumpkin-posse,0,22
wut,petey-piranha,1,47
wut,teem-bahd-spelers,0,31
wut,little-team-of-horrors,30,34
wut,cognitive-play,1,36
wut,team-gen-knoxx,58,21
wut,mendelian-nightmare,0,53
wut,oversized-grow-lamp,0,26
wut,we-came-for-the-shirts,2,71
wut,the-square-roots,0,27
wut,7-liters-of-darkness,2,39
wut,farm-simulator-2014,0,45
wut,tbredblacktree,23,60
wut,the-deku-scrubs,0,25
binary-tree-stars,noobcoder,37,5
binary-tree-stars,kingdom-of-afternoon-naps,31,43
binary-tree-stars,the-mad-robotanists,1,77
binary-tree-stars,the-casuals,49,3
binary-tree-stars,chios,38,18
binary-tree-stars,wut,59,1
binary-tree-stars,nausicaa,0,83
binary-tree-stars,golbat-plants,2,66
binary-tree-stars,the-goldman-clause,0,44
binary-tree-stars,something-fun,57,1
binary-tree-stars,needs-review,0,47
binary-tree-stars,the-bagelers,76,10
binary-tree-stars,null,29,43
binary-tree-stars,nurv,45,1
binary-tree-stars,gg-no-re,49,1
binary-tree-stars,linymf,33,1
binary-tree-stars,teem-bahd-spelers,0,51
binary-tree-stars,bojibbles,40,13
binary-tree-stars,u-w0t-m8,3,65
binary-tree-stars,the-great-dequeue-tree,36,1
binary-tree-stars,failedtomakeateamname_2jpg,72,7
binary-tree-stars,rest-in-pepperonis,58,1
binary-tree-stars,the-ladder-dwellers,38,0
binary-tree-stars,sudo-team,50,1
binary-tree-stars,one-man-down,44,20
binary-tree-stars,ratchet-rockers,59,16
binary-tree-stars,420_cultivate_it,51,9
binary-tree-stars,farally,59,1
binary-tree-stars,lumate,39,18
binary-tree-stars,we-came-for-the-food,0,50
binary-tree-stars,the-ancients-are-at-mac-ten-spittin,26,43
binary-tree-stars,mendelian-nightmare,63,0
binary-tree-stars,paper-pumpkin-posse,0,43
binary-tree-stars,little-team-of-horrors,41,8
binary-tree-stars,cognitive-play,2,53
binary-tree-stars,team-gen-knoxx,31,2
binary-tree-stars,petey-piranha,34,19
binary-tree-stars,oversized-grow-lamp,0,41
binary-tree-stars,we-came-for-the-shirts,70,8
binary-tree-stars,the-square-roots,0,67
binary-tree-stars,7-liters-of-darkness,3,55
binary-tree-stars,farm-simulator-2014,47,42
binary-tree-stars,tbredblacktree,35,27
binary-tree-stars,the-deku-scrubs,2,83
nausicaa,kingdom-of-afternoon-naps,67,0
nausicaa,noobcoder,24,0
nausicaa,the-mad-robotanists,0,96
nausicaa,the-casuals,30,0
nausicaa,chios,50,0
nausicaa,wut,30,0
nausicaa,binary-tree-stars,83,0
nausicaa,golbat-plants,5,68
nausicaa,the-goldman-clause,0,66
nausicaa,something-fun,70,0
nausicaa,needs-review,1,87
nausicaa,the-bagelers,70,0
nausicaa,null,56,0
nausicaa,nurv,40,0
nausicaa,gg-no-re,29,0
nausicaa,linymf,32,1
nausicaa,teem-bahd-spelers,8,77
nausicaa,bojibbles,50,0
nausicaa,u-w0t-m8,81,0
nausicaa,the-great-dequeue-tree,36,0
nausicaa,failedtomakeateamname_2jpg,22,54
nausicaa,rest-in-pepperonis,34,0
nausicaa,the-ladder-dwellers,34,0
nausicaa,sudo-team,33,0
nausicaa,one-man-down,68,3
nausicaa,ratchet-rockers,49,0
nausicaa,420_cultivate_it,29,14
nausicaa,farally,50,0
nausicaa,lumate,29,0
nausicaa,we-came-for-the-food,19,52
nausicaa,the-ancients-are-at-mac-ten-spittin,68,0
nausicaa,mendelian-nightmare,56,0
nausicaa,paper-pumpkin-posse,36,50
nausicaa,little-team-of-horrors,36,0
nausicaa,cognitive-play,52,21
nausicaa,team-gen-knoxx,22,0
nausicaa,petey-piranha,83,0
nausicaa,oversized-grow-lamp,0,94
nausicaa,we-came-for-the-shirts,53,1
nausicaa,the-square-roots,0,74
nausicaa,7-liters-of-darkness,66,3
nausicaa,farm-simulator-2014,0,88
nausicaa,tbredblacktree,37,0
nausicaa,the-deku-scrubs,81,2
golbat-plants,noobcoder,34,16
golbat-plants,kingdom-of-afternoon-naps,40,15
golbat-plants,the-mad-robotanists,51,56
golbat-plants,chios,44,4
golbat-plants,wut,19,0
golbat-plants,420_cultivate_it,48,0
golbat-plants,binary-tree-stars,66,2
golbat-plants,nausicaa,68,5
golbat-plants,the-goldman-clause,42,61
golbat-plants,something-fun,75,1
golbat-plants,needs-review,31,54
golbat-plants,the-bagelers,61,3
golbat-plants,null,57,1
golbat-plants,nurv,23,0
golbat-plants,gg-no-re,22,0
golbat-plants,linymf,21,0
golbat-plants,paper-pumpkin-posse,9,142
golbat-plants,bojibbles,34,0
golbat-plants,u-w0t-m8,54,7
golbat-plants,the-great-dequeue-tree,25,0
golbat-plants,failedtomakeateamname_2jpg,65,5
golbat-plants,rest-in-pepperonis,37,1
golbat-plants,the-ladder-dwellers,21,0
golbat-plants,sudo-team,27,0
golbat-plants,one-man-down,51,0
golbat-plants,ratchet-rockers,38,0
golbat-plants,farm-simulator-2014,46,23
golbat-plants,farally,35,0
golbat-plants,we-came-for-the-food,1,110
golbat-plants,lumate,29,0
golbat-plants,the-ancients-are-at-mac-ten-spittin,56,3
golbat-plants,mendelian-nightmare,69,1
golbat-plants,teem-bahd-spelers,76,40
golbat-plants,little-team-of-horrors,29,0
golbat-plants,cognitive-play,70,36
golbat-plants,team-gen-knoxx,20,0
golbat-plants,petey-piranha,48,13
golbat-plants,oversized-grow-lamp,68,40
golbat-plants,we-came-for-the-shirts,40,0
golbat-plants,the-square-roots,70,13
golbat-plants,7-liters-of-darkness,74,12
golbat-plants,the-casuals,16,0
golbat-plants,tbredblacktree,36,0
golbat-plants,the-deku-scrubs,45,64
the-goldman-clause,kingdom-of-afternoon-naps,30,2
the-goldman-clause,noobcoder,9,0
the-goldman-clause,the-mad-robotanists,18,86
the-goldman-clause,the-casuals,9,0
the-goldman-clause,chios,28,0
the-goldman-clause,wut,23,0
the-goldman-clause,binary-tree-stars,44,0
the-goldman-clause,nausicaa,66,0
the-goldman-clause,something-fun,66,0
the-goldman-clause,needs-review,76,17
the-goldman-clause,the-bagelers,66,0
the-goldman-clause,null,43,0
the-goldman-clause,nurv,28,0
the-goldman-clause,gg-no-re,20,0
the-goldman-clause,linymf,17,0
the-goldman-clause,teem-bahd-spelers,101,0
the-goldman-clause,bojibbles,16,0
the-goldman-clause,u-w0t-m8,34,4
the-goldman-clause,the-great-dequeue-tree,29,0
the-goldman-clause,failedtomakeateamname_2jpg,61,0
the-goldman-clause,rest-in-pepperonis,21,0
the-goldman-clause,oversized-grow-lamp,61,41
the-goldman-clause,the-ladder-dwellers,21,0
the-goldman-clause,sudo-team,22,0
the-goldman-clause,one-man-down,40,0
the-goldman-clause,ratchet-rockers,27,0
the-goldman-clause,420_cultivate_it,33,0
the-goldman-clause,farally,35,0
the-goldman-clause,we-came-for-the-food,68,10
the-goldman-clause,lumate,14,0
the-goldman-clause,the-ancients-are-at-mac-ten-spittin,47,0
the-goldman-clause,mendelian-nightmare,50,1
the-goldman-clause,paper-pumpkin-posse,23,108
the-goldman-clause,little-team-of-horrors,21,0
the-goldman-clause,cognitive-play,33,40
the-goldman-clause,team-gen-knoxx,10,0
the-goldman-clause,petey-piranha,54,4
the-goldman-clause,golbat-plants,61,42
the-goldman-clause,we-came-for-the-shirts,33,0
the-goldman-clause,the-square-roots,87,10
the-goldman-clause,7-liters-of-darkness,66,0
the-goldman-clause,farm-simulator-2014,33,60
the-goldman-clause,tbredblacktree,28,1
the-goldman-clause,the-deku-scrubs,18,57
something-fun,kingdom-of-afternoon-naps,56,4
something-fun,noobcoder,28,8
something-fun,the-mad-robotanists,46,6
something-fun,the-casuals,40,0
something-fun,chios,40,0
something-fun,wut,36,1
something-fun,binary-tree-stars,1,57
something-fun,nausicaa,0,70
something-fun,golbat-plants,1,75
something-fun,the-goldman-clause,0,66
something-fun,needs-review,2,60
something-fun,the-bagelers,15,55
something-fun,null,63,1
something-fun,nurv,51,1
something-fun,gg-no-re,31,0
something-fun,linymf,39,0
something-fun,paper-pumpkin-posse,0,64
something-fun,bojibbles,50,0
something-fun,u-w0t-m8,70,1
something-fun,the-great-dequeue-tree,47,1
something-fun,failedtomakeateamname_2jpg,72,0
something-fun,rest-in-pepperonis,37,1
something-fun,the-ladder-dwellers,49,0
something-fun,sudo-team,41,2
something-fun,one-man-down,1,56
something-fun,ratchet-rockers,50,2
something-fun,420_cultivate_it,65,0
something-fun,farally,42,2
something-fun,we-came-for-the-food,27,36
something-fun,lumate,28,15
something-fun,the-ancients-are-at-mac-ten-spittin,28,34
something-fun,mendelian-nightmare,38,32
something-fun,teem-bahd-spelers,0,68
something-fun,little-team-of-horrors,50,1
something-fun,cognitive-play,2,88
something-fun,team-gen-knoxx,34,0
something-fun,petey-piranha,30,53
something-fun,oversized-grow-lamp,1,72
something-fun,we-came-for-the-shirts,67,0
something-fun,the-square-roots,30,41
something-fun,7-liters-of-darkness,5,65
something-fun,farm-simulator-2014,87,6
something-fun,tbredblacktree,59,0
something-fun,the-deku-scrubs,1,71
needs-review,kingdom-of-afternoon-naps,34,0
needs-review,noobcoder,19,0
needs-review,the-mad-robotanists,75,9
needs-review,chios,31,1
needs-review,wut,18,0
needs-review,420_cultivate_it,34,0
needs-review,binary-tree-stars,47,0
needs-review,nausicaa,87,1
needs-review,golbat-plants,54,31
needs-review,something-fun,60,2
needs-review,the-goldman-clause,17,76
needs-review,the-bagelers,64,0
needs-review,null,41,0
needs-review,nurv,13,1
needs-review,linymf,23,0
needs-review,teem-bahd-spelers,57,44
needs-review,bojibbles,29,0
needs-review,u-w0t-m8,42,0
needs-review,the-great-dequeue-tree,17,0
needs-review,failedtomakeateamname_2jpg,62,2
needs-review,rest-in-pepperonis,16,0
needs-review,the-ladder-dwellers,20,0
needs-review,sudo-team,20,0
needs-review,one-man-down,34,0
needs-review,ratchet-rockers,46,0
needs-review,gg-no-re,14,0
needs-review,farally,30,0
needs-review,we-came-for-the-food,48,23
needs-review,lumate,16,0
needs-review,the-ancients-are-at-mac-ten-spittin,46,0
needs-review,mendelian-nightmare,40,0
needs-review,paper-pumpkin-posse,16,103
needs-review,little-team-of-horrors,31,0
needs-review,farm-simulator-2014,30,35
needs-review,cognitive-play,34,51
needs-review,team-gen-knoxx,9,0
needs-review,petey-piranha,58,5
needs-review,oversized-grow-lamp,32,71
needs-review,we-came-for-the-shirts,37,2
needs-review,the-square-roots,68,16
needs-review,7-liters-of-darkness,69,0
needs-review,the-casuals,19,0
needs-review,tbredblacktree,30,1
needs-review,the-deku-scrubs,61,10
the-bagelers,noobcoder,35,5
the-bagelers,kingdom-of-afternoon-naps,52,7
the-bagelers,the-mad-robotanists,5,57
the-bagelers,chios,54,0
the-bagelers,wut,40,0
the-bagelers,420_cultivate_it,60,0
the-bagelers,binary-tree-stars,10,76
the-bagelers,nausicaa,0,70
the-bagelers,the-goldman-clause,0,66
the-bagelers,something-fun,55,15
the-bagelers,needs-review,0,64
the-bagelers,gg-no-re,44,0
the-bagelers,the-casuals,46,0
the-bagelers,nurv,51,0
the-bagelers,linymf,36,0
the-bagelers,teem-bahd-spelers,3,58
the-bagelers,bojibbles,49,0
the-bagelers,u-w0t-m8,20,38
the-bagelers,the-great-dequeue-tree,53,0
the-bagelers,failedtomakeateamname_2jpg,67,2
the-bagelers,rest-in-pepperonis,42,3
the-bagelers,oversized-grow-lamp,0,79
the-bagelers,the-ladder-dwellers,60,0
the-bagelers,sudo-team,65,1
the-bagelers,lumate,27,22
the-bagelers,one-man-down,36,16
the-bagelers,ratchet-rockers,46,1
the-bagelers,farm-simulator-2014,73,2
the-bagelers,farally,48,1
the-bagelers,we-came-for-the-food,1,67
the-bagelers,null,63,5
the-bagelers,the-ancients-are-at-mac-ten-spittin,9,60
the-bagelers,mendelian-nightmare,19,58
the-bagelers,paper-pumpkin-posse,0,71
the-bagelers,little-team-of-horrors,34,1
the-bagelers,cognitive-play,0,75
the-bagelers,team-gen-knoxx,41,0
the-bagelers,petey-piranha,21,40
the-bagelers,golbat-plants,3,61
the-bagelers,we-came-for-the-shirts,65,1
the-bagelers,the-square-roots,12,48
the-bagelers,7-liters-of-darkness,5,63
the-bagelers,tbredblacktree,59,0
the-bagelers,the-deku-scrubs,46,20
null,noobcoder,45,0
null,kingdom-of-afternoon-naps,45,0
null,the-mad-robotanists,0,56
null,chios,47,11
null,wut,66,4
null,420_cultivate_it,54,12
null,binary-tree-stars,43,29
null,nausicaa,0,56
null,golbat-plants,1,57
null,needs-review,0,41
null,something-fun,1,63
null,the-goldman-clause,0,43
null,the-bagelers,5,63
null,the-casuals,57,0
null,nurv,60,6
null,gg-no-re,45,2
null,linymf,44,3
null,paper-pumpkin-posse,0,41
null,bojibbles,72,10
null,u-w0t-m8,1,76
null,the-great-dequeue-tree,68,0
null,failedtomakeateamname_2jpg,0,58
null,rest-in-pepperonis,21,29
null,the-ladder-dwellers,49,2
null,sudo-team,75,4
null,one-man-down,0,61
null,ratchet-rockers,58,0
null,farm-simulator-2014,0,76
null,farally,47,22
null,we-came-for-the-food,24,28
null,lumate,41,0
null,the-ancients-are-at-mac-ten-spittin,30,27
null,mendelian-nightmare,37,22
null,teem-bahd-spelers,0,55
null,little-team-of-horrors,40,0
null,cognitive-play,2,48
null,team-gen-knoxx,53,0
null,petey-piranha,8,43
null,oversized-grow-lamp,0,48
null,we-came-for-the-shirts,26,68
null,the-square-roots,0,52
null,7-liters-of-darkness,14,44
null,tbredblacktree,62,1
null,the-deku-scrubs,0,63
nurv,kingdom-of-afternoon-naps,11,57
nurv,noobcoder,53,19
nurv,the-mad-robotanists,0,34
nurv,chios,15,62
nurv,wut,43,38
nurv,binary-tree-stars,1,45
nurv,nausicaa,0,40
nurv,golbat-plants,0,23
nurv,needs-review,1,13
nurv,something-fun,1,51
nurv,the-goldman-clause,0,28
nurv,the-bagelers,0,51
nurv,null,6,60
nurv,gg-no-re,81,21
nurv,linymf,29,34
nurv,paper-pumpkin-posse,0,13
nurv,bojibbles,14,67
nurv,u-w0t-m8,1,50
nurv,the-great-dequeue-tree,47,46
nurv,failedtomakeateamname_2jpg,0,42
nurv,rest-in-pepperonis,20,42
nurv,the-ladder-dwellers,45,50
nurv,sudo-team,47,46
nurv,one-man-down,2,35
nurv,ratchet-rockers,9,73
nurv,420_cultivate_it,6,72
nurv,farally,34,51
nurv,we-came-for-the-food,0,30
nurv,lumate,52,28
nurv,the-ancients-are-at-mac-ten-spittin,1,63
nurv,mendelian-nightmare,1,64
nurv,teem-bahd-spelers,0,33
nurv,little-team-of-horrors,23,32
nurv,farm-simulator-2014,0,33
nurv,cognitive-play,0,30
nurv,team-gen-knoxx,71,23
nurv,petey-piranha,2,41
nurv,oversized-grow-lamp,0,27
nurv,we-came-for-the-shirts,3,69
nurv,the-square-roots,0,23
nurv,7-liters-of-darkness,3,48
nurv,the-casuals,74,24
nurv,tbredblacktree,15,57
nurv,the-deku-scrubs,0,30
gg-no-re,kingdom-of-afternoon-naps,14,91
gg-no-re,noobcoder,66,47
gg-no-re,the-mad-robotanists,0,17
gg-no-re,chios,12,67
gg-no-re,wut,23,78
gg-no-re,420_cultivate_it,28,55
gg-no-re,binary-tree-stars,1,49
gg-no-re,nausicaa,0,29
gg-no-re,the-goldman-clause,0,20
gg-no-re,something-fun,0,31
gg-no-re,needs-review,0,14
gg-no-re,the-bagelers,0,44
gg-no-re,null,2,45
gg-no-re,nurv,21,81
gg-no-re,linymf,25,47
gg-no-re,the-casuals,50,90
gg-no-re,bojibbles,11,62
gg-no-re,u-w0t-m8,0,51
gg-no-re,we-came-for-the-shirts,1,63
gg-no-re,the-great-dequeue-tree,25,76
gg-no-re,failedtomakeateamname_2jpg,0,37
gg-no-re,rest-in-pepperonis,24,46
gg-no-re,oversized-grow-lamp,0,22
gg-no-re,the-ladder-dwellers,32,90
gg-no-re,sudo-team,30,74
gg-no-re,one-man-down,7,26
gg-no-re,ratchet-rockers,19,44
gg-no-re,farm-simulator-2014,0,31
gg-no-re,farally,9,75
gg-no-re,we-came-for-the-food,0,26
gg-no-re,lumate,17,81
gg-no-re,the-ancients-are-at-mac-ten-spittin,0,42
gg-no-re,mendelian-nightmare,12,53
gg-no-re,paper-pumpkin-posse,0,12
gg-no-re,little-team-of-horrors,20,45
gg-no-re,cognitive-play,4,27
gg-no-re,team-gen-knoxx,38,61
gg-no-re,petey-piranha,4,40
gg-no-re,golbat-plants,0,22
gg-no-re,teem-bahd-spelers,0,16
gg-no-re,the-square-roots,0,19
gg-no-re,7-liters-of-darkness,4,32
gg-no-re,tbredblacktree,18,65
gg-no-re,the-deku-scrubs,0,19
linymf,kingdom-of-afternoon-naps,15,42
linymf,noobcoder,64,23
linymf,the-mad-robotanists,0,26
linymf,chios,18,35
linymf,wut,45,47
linymf,binary-tree-stars,1,33
linymf,nausicaa,1,32
linymf,golbat-plants,0,21
linymf,needs-review,0,23
linymf,something-fun,0,39
linymf,the-goldman-clause,0,17
linymf,the-bagelers,0,36
linymf,null,3,44
linymf,nurv,34,29
linymf,gg-no-re,47,25
linymf,paper-pumpkin-posse,0,15
linymf,bojibbles,14,48
linymf,u-w0t-m8,0,36
linymf,the-great-dequeue-tree,25,35
linymf,failedtomakeateamname_2jpg,0,32
linymf,rest-in-pepperonis,20,43
linymf,the-ladder-dwellers,36,39
linymf,sudo-team,51,36
linymf,one-man-down,5,31
linymf,ratchet-rockers,13,45
linymf,420_cultivate_it,7,48
linymf,farally,21,49
linymf,lumate,50,32
linymf,we-came-for-the-food,0,31
linymf,the-ancients-are-at-mac-ten-spittin,2,46
linymf,mendelian-nightmare,0,41
linymf,teem-bahd-spelers,0,28
linymf,little-team-of-horrors,23,48
linymf,farm-simulator-2014,0,29
linymf,cognitive-play,0,37
linymf,team-gen-knoxx,62,11
linymf,petey-piranha,3,40
linymf,oversized-grow-lamp,0,22
linymf,we-came-for-the-shirts,0,49
linymf,the-square-roots,0,29
linymf,7-liters-of-darkness,2,34
linymf,the-casuals,67,16
linymf,tbredblacktree,12,49
linymf,the-deku-scrubs,0,21
teem-bahd-spelers,noobcoder,19,0
teem-bahd-spelers,kingdom-of-afternoon-naps,33,0
teem-bahd-spelers,the-mad-robotanists,53,82
teem-bahd-spelers,chios,37,0
teem-bahd-spelers,wut,31,0
teem-bahd-spelers,420_cultivate_it,27,0
teem-bahd-spelers,binary-tree-stars,51,0
teem-bahd-spelers,nausicaa,77,8
teem-bahd-spelers,we-came-for-the-food,46,54
teem-bahd-spelers,the-goldman-clause,0,101
teem-bahd-spelers,something-fun,68,0
teem-bahd-spelers,needs-review,44,57
teem-bahd-spelers,the-bagelers,58,3
teem-bahd-spelers,the-casuals,10,0
teem-bahd-spelers,nurv,33,0
teem-bahd-spelers,linymf,28,0
teem-bahd-spelers,paper-pumpkin-posse,115,24
teem-bahd-spelers,bojibbles,27,0
teem-bahd-spelers,u-w0t-m8,73,0
teem-bahd-spelers,the-great-dequeue-tree,28,0
teem-bahd-spelers,failedtomakeateamname_2jpg,88,0
teem-bahd-spelers,rest-in-pepperonis,24,0
teem-bahd-spelers,oversized-grow-lamp,36,88
teem-bahd-spelers,the-ladder-dwellers,23,0
teem-bahd-spelers,sudo-team,25,0
teem-bahd-spelers,one-man-down,51,0
teem-bahd-spelers,ratchet-rockers,53,0
teem-bahd-spelers,gg-no-re,16,0
teem-bahd-spelers,farally,18,1
teem-bahd-spelers,lumate,31,0
teem-bahd-spelers,null,55,0
teem-bahd-spelers,the-ancients-are-at-mac-ten-spittin,55,0
teem-bahd-spelers,petey-piranha,65,1
teem-bahd-spelers,little-team-of-horrors,30,0
teem-bahd-spelers,cognitive-play,43,63
teem-bahd-spelers,team-gen-knoxx,24,0
teem-bahd-spelers,mendelian-nightmare,31,6
teem-bahd-spelers,golbat-plants,40,76
teem-bahd-spelers,we-came-for-the-shirts,59,0
teem-bahd-spelers,the-square-roots,63,53
teem-bahd-spelers,7-liters-of-darkness,64,15
teem-bahd-spelers,farm-simulator-2014,80,0
teem-bahd-spelers,tbredblacktree,35,0
teem-bahd-spelers,the-deku-scrubs,88,0
bojibbles,kingdom-of-afternoon-naps,1,73
bojibbles,noobcoder,37,48
bojibbles,the-mad-robotanists,0,29
bojibbles,chios,19,47
bojibbles,wut,58,19
bojibbles,420_cultivate_it,6,71
bojibbles,binary-tree-stars,13,40
bojibbles,nausicaa,0,50
bojibbles,golbat-plants,0,34
bojibbles,needs-review,0,29
bojibbles,something-fun,0,50
bojibbles,the-goldman-clause,0,16
bojibbles,the-bagelers,0,49
bojibbles,null,10,72
bojibbles,nurv,67,14
bojibbles,linymf,48,14
bojibbles,paper-pumpkin-posse,0,31
bojibbles,u-w0t-m8,12,65
bojibbles,the-great-dequeue-tree,74,17
bojibbles,failedtomakeateamname_2jpg,0,49
bojibbles,rest-in-pepperonis,20,24
bojibbles,the-ladder-dwellers,64,22
bojibbles,sudo-team,69,16
bojibbles,one-man-down,0,52
bojibbles,ratchet-rockers,47,20
bojibbles,gg-no-re,62,11
bojibbles,farally,63,24
bojibbles,we-came-for-the-food,2,38
bojibbles,lumate,42,35
bojibbles,the-ancients-are-at-mac-ten-spittin,4,58
bojibbles,mendelian-nightmare,2,68
bojibbles,teem-bahd-spelers,0,27
bojibbles,little-team-of-horrors,32,24
bojibbles,farm-simulator-2014,5,47
bojibbles,cognitive-play,3,30
bojibbles,team-gen-knoxx,70,13
bojibbles,petey-piranha,2,53
bojibbles,oversized-grow-lamp,0,32
bojibbles,we-came-for-the-shirts,3,58
bojibbles,the-square-roots,1,37
bojibbles,7-liters-of-darkness,7,36
bojibbles,the-casuals,60,19
bojibbles,tbredblacktree,29,58
bojibbles,the-deku-scrubs,0,35
u-w0t-m8,noobcoder,32,0
u-w0t-m8,kingdom-of-afternoon-naps,32,35
u-w0t-m8,the-mad-robotanists,0,62
u-w0t-m8,the-casuals,33,0
u-w0t-m8,chios,53,0
u-w0t-m8,wut,48,1
u-w0t-m8,binary-tree-stars,65,3
u-w0t-m8,nausicaa,0,81
u-w0t-m8,needs-review,0,42
u-w0t-m8,something-fun,1,70
u-w0t-m8,the-goldman-clause,4,34
u-w0t-m8,the-bagelers,38,20
u-w0t-m8,null,76,1
u-w0t-m8,nurv,50,1
u-w0t-m8,gg-no-re,51,0
u-w0t-m8,linymf,36,0
u-w0t-m8,teem-bahd-spelers,0,73
u-w0t-m8,bojibbles,65,12
u-w0t-m8,the-great-dequeue-tree,58,0
u-w0t-m8,failedtomakeateamname_2jpg,1,71
u-w0t-m8,rest-in-pepperonis,42,0
u-w0t-m8,oversized-grow-lamp,1,58
u-w0t-m8,the-ladder-dwellers,53,0
u-w0t-m8,sudo-team,45,1
u-w0t-m8,one-man-down,25,39
u-w0t-m8,ratchet-rockers,65,0
u-w0t-m8,420_cultivate_it,52,2
u-w0t-m8,farally,60,5
u-w0t-m8,we-came-for-the-food,7,56
u-w0t-m8,lumate,47,0
u-w0t-m8,the-ancients-are-at-mac-ten-spittin,61,1
u-w0t-m8,petey-piranha,23,57
u-w0t-m8,paper-pumpkin-posse,0,59
u-w0t-m8,little-team-of-horrors,39,0
u-w0t-m8,cognitive-play,9,60
u-w0t-m8,team-gen-knoxx,31,0
u-w0t-m8,mendelian-nightmare,64,1
u-w0t-m8,golbat-plants,7,54
u-w0t-m8,we-came-for-the-shirts,56,1
u-w0t-m8,the-square-roots,3,90
u-w0t-m8,7-liters-of-darkness,19,48
u-w0t-m8,farm-simulator-2014,1,61
u-w0t-m8,tbredblacktree,41,17
u-w0t-m8,the-deku-scrubs,0,71
the-great-dequeue-tree,kingdom-of-afternoon-naps,17,69
the-great-dequeue-tree,noobcoder,58,16
the-great-dequeue-tree,the-mad-robotanists,0,22
the-great-dequeue-tree,the-casuals,82,26
the-great-dequeue-tree,chios,18,55
the-great-dequeue-tree,wut,48,45
the-great-dequeue-tree,420_cultivate_it,12,67
the-great-dequeue-tree,binary-tree-stars,1,36
the-great-dequeue-tree,nausicaa,0,36
the-great-dequeue-tree,golbat-plants,0,25
the-great-dequeue-tree,needs-review,0,17
the-great-dequeue-tree,something-fun,1,47
the-great-dequeue-tree,the-goldman-clause,0,29
the-great-dequeue-tree,the-bagelers,0,53
the-great-dequeue-tree,null,0,68
the-great-dequeue-tree,nurv,46,47
the-great-dequeue-tree,linymf,35,25
the-great-dequeue-tree,paper-pumpkin-posse,0,21
the-great-dequeue-tree,bojibbles,17,74
the-great-dequeue-tree,u-w0t-m8,0,58
the-great-dequeue-tree,failedtomakeateamname_2jpg,0,35
the-great-dequeue-tree,rest-in-pepperonis,25,35
the-great-dequeue-tree,the-ladder-dwellers,45,37
the-great-dequeue-tree,sudo-team,43,53
the-great-dequeue-tree,one-man-down,7,35
the-great-dequeue-tree,ratchet-rockers,13,63
the-great-dequeue-tree,gg-no-re,76,25
the-great-dequeue-tree,farally,17,50
the-great-dequeue-tree,lumate,44,49
the-great-dequeue-tree,we-came-for-the-food,0,34
the-great-dequeue-tree,the-ancients-are-at-mac-ten-spittin,1,61
the-great-dequeue-tree,petey-piranha,1,53
the-great-dequeue-tree,teem-bahd-spelers,0,28
the-great-dequeue-tree,little-team-of-horrors,27,53
the-great-dequeue-tree,cognitive-play,2,36
the-great-dequeue-tree,team-gen-knoxx,75,17
the-great-dequeue-tree,mendelian-nightmare,1,45
the-great-dequeue-tree,oversized-grow-lamp,0,26
the-great-dequeue-tree,we-came-for-the-shirts,5,66
the-great-dequeue-tree,the-square-roots,0,34
the-great-dequeue-tree,7-liters-of-darkness,5,48
the-great-dequeue-tree,farm-simulator-2014,0,30
the-great-dequeue-tree,tbredblacktree,15,54
the-great-dequeue-tree,the-deku-scrubs,0,31
failedtomakeateamname_2jpg,kingdom-of-afternoon-naps,54,0
failedtomakeateamname_2jpg,noobcoder,27,0
failedtomakeateamname_2jpg,the-mad-robotanists,0,55
failedtomakeateamname_2jpg,the-casuals,36,0
failedtomakeateamname_2jpg,chios,58,0
failedtomakeateamname_2jpg,wut,48,0
failedtomakeateamname_2jpg,420_cultivate_it,60,0
failedtomakeateamname_2jpg,binary-tree-stars,7,72
failedtomakeateamname_2jpg,nausicaa,54,22
failedtomakeateamname_2jpg,golbat-plants,5,65
failedtomakeateamname_2jpg,needs-review,2,62
failedtomakeateamname_2jpg,something-fun,0,72
failedtomakeateamname_2jpg,the-goldman-clause,0,61
failedtomakeateamname_2jpg,the-bagelers,2,67
failedtomakeateamname_2jpg,null,58,0
failedtomakeateamname_2jpg,nurv,42,0
failedtomakeateamname_2jpg,linymf,32,0
failedtomakeateamname_2jpg,teem-bahd-spelers,0,88
failedtomakeateamname_2jpg,bojibbles,49,0
failedtomakeateamname_2jpg,u-w0t-m8,71,1
failedtomakeateamname_2jpg,the-great-dequeue-tree,35,0
failedtomakeateamname_2jpg,rest-in-pepperonis,46,0
failedtomakeateamname_2jpg,the-ladder-dwellers,45,0
failedtomakeateamname_2jpg,sudo-team,32,0
failedtomakeateamname_2jpg,one-man-down,50,2
failedtomakeateamname_2jpg,ratchet-rockers,58,0
failedtomakeateamname_2jpg,gg-no-re,37,0
failedtomakeateamname_2jpg,farally,53,0
failedtomakeateamname_2jpg,lumate,34,0
failedtomakeateamname_2jpg,we-came-for-the-food,37,36
failedtomakeateamname_2jpg,the-ancients-are-at-mac-ten-spittin,77,0
failedtomakeateamname_2jpg,petey-piranha,71,0
failedtomakeateamname_2jpg,paper-pumpkin-posse,0,56
failedtomakeateamname_2jpg,little-team-of-horrors,59,0
failedtomakeateamname_2jpg,cognitive-play,8,49
failedtomakeateamname_2jpg,team-gen-knoxx,29,0
failedtomakeateamname_2jpg,mendelian-nightmare,59,15
failedtomakeateamname_2jpg,oversized-grow-lamp,0,76
failedtomakeateamname_2jpg,we-came-for-the-shirts,62,0
failedtomakeateamname_2jpg,the-square-roots,5,80
failedtomakeateamname_2jpg,7-liters-of-darkness,31,42
failedtomakeateamname_2jpg,farm-simulator-2014,3,69
failedtomakeateamname_2jpg,tbredblacktree,51,2
failedtomakeateamname_2jpg,the-deku-scrubs,0,83
rest-in-pepperonis,noobcoder,37,29
rest-in-pepperonis,kingdom-of-afternoon-naps,25,33
rest-in-pepperonis,the-mad-robotanists,0,30
rest-in-pepperonis,chios,18,48
rest-in-pepperonis,wut,43,23
rest-in-pepperonis,binary-tree-stars,1,58
rest-in-pepperonis,nausicaa,0,34
rest-in-pepperonis,golbat-plants,1,37
rest-in-pepperonis,needs-review,0,16
rest-in-pepperonis,something-fun,1,37
rest-in-pepperonis,the-goldman-clause,0,21
rest-in-pepperonis,the-bagelers,3,42
rest-in-pepperonis,null,29,21
rest-in-pepperonis,nurv,42,20
rest-in-pepperonis,gg-no-re,46,24
rest-in-pepperonis,linymf,43,20
rest-in-pepperonis,the-casuals,39,21
rest-in-pepperonis,bojibbles,24,20
rest-in-pepperonis,u-w0t-m8,0,42
rest-in-pepperonis,we-came-for-the-shirts,22,49
rest-in-pepperonis,the-great-dequeue-tree,35,25
rest-in-pepperonis,failedtomakeateamname_2jpg,0,46
rest-in-pepperonis,the-ladder-dwellers,36,21
rest-in-pepperonis,sudo-team,41,26
rest-in-pepperonis,one-man-down,9,39
rest-in-pepperonis,ratchet-rockers,34,29
rest-in-pepperonis,420_cultivate_it,28,33
rest-in-pepperonis,farally,22,37
rest-in-pepperonis,lumate,38,33
rest-in-pepperonis,we-came-for-the-food,0,32
rest-in-pepperonis,the-ancients-are-at-mac-ten-spittin,1,49
rest-in-pepperonis,mendelian-nightmare,1,44
rest-in-pepperonis,paper-pumpkin-posse,0,22
rest-in-pepperonis,little-team-of-horrors,22,48
rest-in-pepperonis,cognitive-play,2,41
rest-in-pepperonis,team-gen-knoxx,56,25
rest-in-pepperonis,petey-piranha,2,39
rest-in-pepperonis,oversized-grow-lamp,0,19
rest-in-pepperonis,teem-bahd-spelers,0,24
rest-in-pepperonis,the-square-roots,0,29
rest-in-pepperonis,7-liters-of-darkness,5,35
rest-in-pepperonis,farm-simulator-2014,0,31
rest-in-pepperonis,tbredblacktree,21,47
rest-in-pepperonis,the-deku-scrubs,0,25
the-ladder-dwellers,noobcoder,54,21
the-ladder-dwellers,kingdom-of-afternoon-naps,12,57
the-ladder-dwellers,the-mad-robotanists,0,37
the-ladder-dwellers,chios,11,78
the-ladder-dwellers,wut,53,45
the-ladder-dwellers,binary-tree-stars,0,38
the-ladder-dwellers,nausicaa,0,34
the-ladder-dwellers,golbat-plants,0,21
the-ladder-dwellers,the-goldman-clause,0,21
the-ladder-dwellers,something-fun,0,49
the-ladder-dwellers,needs-review,0,20
the-ladder-dwellers,the-bagelers,0,60
the-ladder-dwellers,the-casuals,84,30
the-ladder-dwellers,nurv,50,45
the-ladder-dwellers,gg-no-re,90,32
the-ladder-dwellers,linymf,39,36
the-ladder-dwellers,paper-pumpkin-posse,0,15
the-ladder-dwellers,bojibbles,22,64
the-ladder-dwellers,u-w0t-m8,0,53
the-ladder-dwellers,the-great-dequeue-tree,37,45
the-ladder-dwellers,failedtomakeateamname_2jpg,0,45
the-ladder-dwellers,rest-in-pepperonis,21,36
the-ladder-dwellers,sudo-team,54,48
the-ladder-dwellers,lumate,58,46
the-ladder-dwellers,one-man-down,3,36
the-ladder-dwellers,ratchet-rockers,15,59
the-ladder-dwellers,420_cultivate_it,8,66
the-ladder-dwellers,farally,30,45
the-ladder-dwellers,we-came-for-the-food,2,33
the-ladder-dwellers,null,2,49
the-ladder-dwellers,the-ancients-are-at-mac-ten-spittin,5,60
the-ladder-dwellers,mendelian-nightmare,1,67
the-ladder-dwellers,teem-bahd-spelers,0,23
the-ladder-dwellers,little-team-of-horrors,27,41
the-ladder-dwellers,cognitive-play,2,34
the-ladder-dwellers,team-gen-knoxx,65,26
the-ladder-dwellers,petey-piranha,0,43
the-ladder-dwellers,oversized-grow-lamp,0,21
the-ladder-dwellers,we-came-for-the-shirts,5,56
the-ladder-dwellers,the-square-roots,0,21
the-ladder-dwellers,7-liters-of-darkness,2,40
the-ladder-dwellers,farm-simulator-2014,0,44
the-ladder-dwellers,tbredblacktree,16,59
the-ladder-dwellers,the-deku-scrubs,0,33
sudo-team,noobcoder,48,19
sudo-team,kingdom-of-afternoon-naps,7,62
sudo-team,the-mad-robotanists,0,25
sudo-team,chios,23,53
sudo-team,wut,50,48
sudo-team,binary-tree-stars,1,50
sudo-team,nausicaa,0,33
sudo-team,golbat-plants,0,27
sudo-team,the-goldman-clause,0,22
sudo-team,something-fun,2,41
sudo-team,needs-review,0,20
sudo-team,the-bagelers,1,65
sudo-team,null,4,75
sudo-team,nurv,46,47
sudo-team,gg-no-re,74,30
sudo-team,linymf,36,51
sudo-team,the-casuals,88,26
sudo-team,bojibbles,16,69
sudo-team,u-w0t-m8,1,45
sudo-team,we-came-for-the-shirts,4,59
sudo-team,the-great-dequeue-tree,53,43
sudo-team,failedtomakeateamname_2jpg,0,32
sudo-team,rest-in-pepperonis,26,41
sudo-team,the-ladder-dwellers,48,54
sudo-team,one-man-down,3,57
sudo-team,ratchet-rockers,17,55
sudo-team,420_cultivate_it,6,64
sudo-team,farally,25,60
sudo-team,lumate,58,56
sudo-team,we-came-for-the-food,0,32
sudo-team,the-ancients-are-at-mac-ten-spittin,1,49
sudo-team,mendelian-nightmare,2,68
sudo-team,paper-pumpkin-posse,0,15
sudo-team,little-team-of-horrors,22,38
sudo-team,cognitive-play,4,27
sudo-team,team-gen-knoxx,54,19
sudo-team,petey-piranha,4,44
sudo-team,oversized-grow-lamp,0,19
sudo-team,teem-bahd-spelers,0,25
sudo-team,the-square-roots,0,23
sudo-team,7-liters-of-darkness,1,40
sudo-team,farm-simulator-2014,0,33
sudo-team,tbredblacktree,22,57
sudo-team,the-deku-scrubs,0,21
one-man-down,noobcoder,28,12
one-man-down,kingdom-of-afternoon-naps,35,4
one-man-down,the-mad-robotanists,0,59
one-man-down,the-casuals,35,0
one-man-down,chios,42,9
one-man-down,wut,33,1
one-man-down,binary-tree-stars,20,44
one-man-down,nausicaa,3,68
one-man-down,needs-review,0,34
one-man-down,something-fun,56,1
one-man-down,the-goldman-clause,0,40
one-man-down,the-bagelers,16,36
one-man-down,null,61,0
one-man-down,nurv,35,2
one-man-down,gg-no-re,26,7
one-man-down,linymf,31,5
one-man-down,paper-pumpkin-posse,0,46
one-man-down,bojibbles,52,0
one-man-down,u-w0t-m8,39,25
one-man-down,the-great-dequeue-tree,35,7
one-man-down,failedtomakeateamname_2jpg,2,50
one-man-down,rest-in-pepperonis,39,9
one-man-down,oversized-grow-lamp,0,34
one-man-down,the-ladder-dwellers,36,3
one-man-down,sudo-team,57,3
one-man-down,ratchet-rockers,42,11
one-man-down,420_cultivate_it,31,7
one-man-down,farally,46,5
one-man-down,we-came-for-the-food,4,59
one-man-down,lumate,29,10
one-man-down,the-ancients-are-at-mac-ten-spittin,33,20
one-man-down,mendelian-nightmare,2,45
one-man-down,teem-bahd-spelers,0,51
one-man-down,little-team-of-horrors,46,0
one-man-down,cognitive-play,0,41
one-man-down,team-gen-knoxx,34,0
one-man-down,petey-piranha,20,35
one-man-down,golbat-plants,0,51
one-man-down,we-came-for-the-shirts,47,0
one-man-down,the-square-roots,1,51
one-man-down,7-liters-of-darkness,12,44
one-man-down,farm-simulator-2014,6,39
one-man-down,tbredblacktree,52,9
one-man-down,the-deku-scrubs,11,49
ratchet-rockers,noobcoder,47,9
ratchet-rockers,kingdom-of-afternoon-naps,53,13
ratchet-rockers,the-mad-robotanists,0,37
ratchet-rockers,the-casuals,63,2
ratchet-rockers,chios,60,13
ratchet-rockers,wut,55,12
ratchet-rockers,binary-tree-stars,16,59
ratchet-rockers,nausicaa,0,49
ratchet-rockers,golbat-plants,0,38
ratchet-rockers,the-goldman-clause,0,27
ratchet-rockers,something-fun,2,50
ratchet-rockers,needs-review,0,46
ratchet-rockers,the-bagelers,1,46
ratchet-rockers,null,0,58
ratchet-rockers,nurv,73,9
ratchet-rockers,gg-no-re,44,19
ratchet-rockers,linymf,45,13
ratchet-rockers,paper-pumpkin-posse,0,27
ratchet-rockers,bojibbles,20,47
ratchet-rockers,u-w0t-m8,0,65
ratchet-rockers,the-great-dequeue-tree,63,13
ratchet-rockers,failedtomakeateamname_2jpg,0,58
ratchet-rockers,rest-in-pepperonis,29,34
ratchet-rockers,the-ladder-dwellers,59,15
ratchet-rockers,sudo-team,55,17
ratchet-rockers,one-man-down,11,42
ratchet-rockers,420_cultivate_it,29,43
ratchet-rockers,farally,41,40
ratchet-rockers,lumate,83,6
ratchet-rockers,we-came-for-the-food,1,36
ratchet-rockers,the-ancients-are-at-mac-ten-spittin,8,57
ratchet-rockers,mendelian-nightmare,7,53
ratchet-rockers,teem-bahd-spelers,0,53
ratchet-rockers,little-team-of-horrors,37,22
ratchet-rockers,cognitive-play,1,39
ratchet-rockers,team-gen-knoxx,62,4
ratchet-rockers,petey-piranha,7,64
ratchet-rockers,oversized-grow-lamp,0,49
ratchet-rockers,we-came-for-the-shirts,19,40
ratchet-rockers,the-square-roots,0,45
ratchet-rockers,7-liters-of-darkness,6,58
ratchet-rockers,farm-simulator-2014,0,44
ratchet-rockers,tbredblacktree,36,39
ratchet-rockers,the-deku-scrubs,0,39
420_cultivate_it,kingdom-of-afternoon-naps,0,70
420_cultivate_it,noobcoder,27,29
420_cultivate_it,the-mad-robotanists,0,30
420_cultivate_it,chios,3,65
420_cultivate_it,wut,64,11
420_cultivate_it,binary-tree-stars,9,51
420_cultivate_it,nausicaa,14,29
420_cultivate_it,golbat-plants,0,48
420_cultivate_it,the-goldman-clause,0,33
420_cultivate_it,something-fun,0,65
420_cultivate_it,needs-review,0,34
420_cultivate_it,the-bagelers,0,60
420_cultivate_it,null,12,54
420_cultivate_it,nurv,72,6
420_cultivate_it,linymf,48,7
420_cultivate_it,paper-pumpkin-posse,0,23
420_cultivate_it,bojibbles,71,6
420_cultivate_it,u-w0t-m8,2,52
420_cultivate_it,the-great-dequeue-tree,67,12
420_cultivate_it,failedtomakeateamname_2jpg,0,60
420_cultivate_it,rest-in-pepperonis,33,28
420_cultivate_it,the-ladder-dwellers,66,8
420_cultivate_it,sudo-team,64,6
420_cultivate_it,one-man-down,7,31
420_cultivate_it,ratchet-rockers,43,29
420_cultivate_it,gg-no-re,55,28
420_cultivate_it,farally,61,11
420_cultivate_it,lumate,41,31
420_cultivate_it,we-came-for-the-food,0,52
420_cultivate_it,the-ancients-are-at-mac-ten-spittin,1,66
420_cultivate_it,mendelian-nightmare,19,36
420_cultivate_it,teem-bahd-spelers,0,27
420_cultivate_it,little-team-of-horrors,37,15
420_cultivate_it,farm-simulator-2014,0,44
420_cultivate_it,cognitive-play,1,54
420_cultivate_it,team-gen-knoxx,59,0
420_cultivate_it,petey-piranha,0,51
420_cultivate_it,oversized-grow-lamp,0,33
420_cultivate_it,we-came-for-the-shirts,21,57
420_cultivate_it,the-square-roots,0,43
420_cultivate_it,7-liters-of-darkness,4,55
420_cultivate_it,the-casuals,89,0
420_cultivate_it,tbredblacktree,53,10
420_cultivate_it,the-deku-scrubs,0,42
farally,noobcoder,38,15
farally,kingdom-of-afternoon-naps,12,44
farally,the-mad-robotanists,0,33
farally,chios,28,44
farally,wut,40,32
farally,binary-tree-stars,1,59
farally,nausicaa,0,50
farally,golbat-plants,0,35
farally,the-goldman-clause,0,35
farally,something-fun,2,42
farally,needs-review,0,30
farally,the-bagelers,1,48
farally,null,22,47
farally,nurv,51,34
farally,gg-no-re,75,9
farally,linymf,49,21
farally,the-casuals,78,19
farally,bojibbles,24,63
farally,u-w0t-m8,5,60
farally,we-came-for-the-shirts,10,64
farally,the-great-dequeue-tree,50,17
farally,failedtomakeateamname_2jpg,0,53
farally,rest-in-pepperonis,37,22
farally,the-ladder-dwellers,45,30
farally,sudo-team,60,25
farally,one-man-down,5,46
farally,ratchet-rockers,40,41
farally,420_cultivate_it,11,61
farally,we-came-for-the-food,1,48
farally,lumate,54,32
farally,the-ancients-are-at-mac-ten-spittin,7,41
farally,petey-piranha,3,52
farally,paper-pumpkin-posse,0,17
farally,little-team-of-horrors,49,16
farally,cognitive-play,1,42
farally,team-gen-knoxx,55,13
farally,mendelian-nightmare,4,44
farally,oversized-grow-lamp,0,35
farally,teem-bahd-spelers,1,18
farally,the-square-roots,0,40
farally,7-liters-of-darkness,4,57
farally,farm-simulator-2014,0,34
farally,tbredblacktree,33,66
farally,the-deku-scrubs,0,49
we-came-for-the-food,kingdom-of-afternoon-naps,55,0
we-came-for-the-food,noobcoder,24,0
we-came-for-the-food,the-mad-robotanists,0,95
we-came-for-the-food,the-casuals,22,7
we-came-for-the-food,chios,36,0
we-came-for-the-food,wut,36,1
we-came-for-the-food,binary-tree-stars,50,0
we-came-for-the-food,nausicaa,52,19
we-came-for-the-food,the-goldman-clause,10,68
we-came-for-the-food,something-fun,36,27
we-came-for-the-food,needs-review,23,48
we-came-for-the-food,the-bagelers,67,1
we-came-for-the-food,null,28,24
we-came-for-the-food,nurv,30,0
we-came-for-the-food,gg-no-re,26,0
we-came-for-the-food,linymf,31,0
we-came-for-the-food,teem-bahd-spelers,54,46
we-came-for-the-food,bojibbles,38,2
we-came-for-the-food,u-w0t-m8,56,7
we-came-for-the-food,the-great-dequeue-tree,34,0
we-came-for-the-food,failedtomakeateamname_2jpg,36,37
we-came-for-the-food,rest-in-pepperonis,32,0
we-came-for-the-food,oversized-grow-lamp,0,106
we-came-for-the-food,the-ladder-dwellers,33,2
we-came-for-the-food,sudo-team,32,0
we-came-for-the-food,one-man-down,59,4
we-came-for-the-food,ratchet-rockers,36,1
we-came-for-the-food,420_cultivate_it,52,0
we-came-for-the-food,farally,48,1
we-came-for-the-food,lumate,36,0
we-came-for-the-food,the-ancients-are-at-mac-ten-spittin,43,11
we-came-for-the-food,petey-piranha,59,42
we-came-for-the-food,paper-pumpkin-posse,54,45
we-came-for-the-food,little-team-of-horrors,24,13
we-came-for-the-food,cognitive-play,83,5
we-came-for-the-food,team-gen-knoxx,33,23
we-came-for-the-food,mendelian-nightmare,74,0
we-came-for-the-food,golbat-plants,110,1
we-came-for-the-food,we-came-for-the-shirts,52,0
we-came-for-the-food,the-square-roots,22,61
we-came-for-the-food,7-liters-of-darkness,41,20
we-came-for-the-food,farm-simulator-2014,36,33
we-came-for-the-food,tbredblacktree,51,0
we-came-for-the-food,the-deku-scrubs,10,58
lumate,kingdom-of-afternoon-naps,39,31
lumate,noobcoder,85,17
lumate,the-mad-robotanists,0,30
lumate,the-casuals,0,111
lumate,chios,40,42
lumate,wut,42,73
lumate,420_cultivate_it,31,41
lumate,binary-tree-stars,18,39
lumate,nausicaa,0,29
lumate,needs-review,0,16
lumate,something-fun,15,28
lumate,the-goldman-clause,0,14
lumate,the-bagelers,22,27
lumate,null,0,41
lumate,nurv,28,52
lumate,linymf,32,50
lumate,teem-bahd-spelers,0,31
lumate,bojibbles,35,42
lumate,u-w0t-m8,0,47
lumate,the-great-dequeue-tree,49,44
lumate,failedtomakeateamname_2jpg,0,34
lumate,rest-in-pepperonis,33,38
lumate,oversized-grow-lamp,0,16
lumate,the-ladder-dwellers,46,58
lumate,sudo-team,56,58
lumate,one-man-down,10,29
lumate,ratchet-rockers,6,83
lumate,gg-no-re,81,17
lumate,farally,32,54
lumate,we-came-for-the-food,0,36
lumate,the-ancients-are-at-mac-ten-spittin,4,45
lumate,mendelian-nightmare,5,55
lumate,paper-pumpkin-posse,0,17
lumate,little-team-of-horrors,5,58
lumate,cognitive-play,2,45
lumate,team-gen-knoxx,0,99
lumate,petey-piranha,3,30
lumate,golbat-plants,0,29
lumate,we-came-for-the-shirts,9,48
lumate,the-square-roots,0,26
lumate,7-liters-of-darkness,4,32
lumate,farm-simulator-2014,1,28
lumate,tbredblacktree,32,45
lumate,the-deku-scrubs,0,27
the-ancients-are-at-mac-ten-spittin,kingdom-of-afternoon-naps,42,13
the-ancients-are-at-mac-ten-spittin,noobcoder,28,6
the-ancients-are-at-mac-ten-spittin,the-mad-robotanists,0,57
the-ancients-are-at-mac-ten-spittin,the-casuals,37,0
the-ancients-are-at-mac-ten-spittin,chios,51,15
the-ancients-are-at-mac-ten-spittin,wut,55,4
the-ancients-are-at-mac-ten-spittin,binary-tree-stars,43,26
the-ancients-are-at-mac-ten-spittin,nausicaa,0,68
the-ancients-are-at-mac-ten-spittin,golbat-plants,3,56
the-ancients-are-at-mac-ten-spittin,needs-review,0,46
the-ancients-are-at-mac-ten-spittin,something-fun,34,28
the-ancients-are-at-mac-ten-spittin,the-goldman-clause,0,47
the-ancients-are-at-mac-ten-spittin,the-bagelers,60,9
the-ancients-are-at-mac-ten-spittin,null,27,30
the-ancients-are-at-mac-ten-spittin,nurv,63,1
the-ancients-are-at-mac-ten-spittin,gg-no-re,42,0
the-ancients-are-at-mac-ten-spittin,linymf,46,2
the-ancients-are-at-mac-ten-spittin,teem-bahd-spelers,0,55
the-ancients-are-at-mac-ten-spittin,bojibbles,58,4
the-ancients-are-at-mac-ten-spittin,u-w0t-m8,1,61
the-ancients-are-at-mac-ten-spittin,the-great-dequeue-tree,61,1
the-ancients-are-at-mac-ten-spittin,failedtomakeateamname_2jpg,0,77
the-ancients-are-at-mac-ten-spittin,rest-in-pepperonis,49,1
the-ancients-are-at-mac-ten-spittin,the-ladder-dwellers,60,5
the-ancients-are-at-mac-ten-spittin,sudo-team,49,1
the-ancients-are-at-mac-ten-spittin,one-man-down,20,33
the-ancients-are-at-mac-ten-spittin,ratchet-rockers,57,8
the-ancients-are-at-mac-ten-spittin,420_cultivate_it,66,1
the-ancients-are-at-mac-ten-spittin,farally,41,7
the-ancients-are-at-mac-ten-spittin,we-came-for-the-food,11,43
the-ancients-are-at-mac-ten-spittin,lumate,45,4
the-ancients-are-at-mac-ten-spittin,petey-piranha,0,73
the-ancients-are-at-mac-ten-spittin,paper-pumpkin-posse,1,55
the-ancients-are-at-mac-ten-spittin,little-team-of-horrors,48,13
the-ancients-are-at-mac-ten-spittin,cognitive-play,15,49
the-ancients-are-at-mac-ten-spittin,team-gen-knoxx,34,0
the-ancients-are-at-mac-ten-spittin,mendelian-nightmare,53,6
the-ancients-are-at-mac-ten-spittin,oversized-grow-lamp,0,57
the-ancients-are-at-mac-ten-spittin,we-came-for-the-shirts,57,13
the-ancients-are-at-mac-ten-spittin,the-square-roots,0,57
the-ancients-are-at-mac-ten-spittin,7-liters-of-darkness,18,49
the-ancients-are-at-mac-ten-spittin,farm-simulator-2014,0,69
the-ancients-are-at-mac-ten-spittin,tbredblacktree,73,0
the-ancients-are-at-mac-ten-spittin,the-deku-scrubs,0,67
mendelian-nightmare,kingdom-of-afternoon-naps,63,8
mendelian-nightmare,noobcoder,48,1
mendelian-nightmare,the-mad-robotanists,4,60
mendelian-nightmare,chios,50,6
mendelian-nightmare,wut,53,0
mendelian-nightmare,binary-tree-stars,0,63
mendelian-nightmare,nausicaa,0,56
mendelian-nightmare,needs-review,0,40
mendelian-nightmare,something-fun,32,38
mendelian-nightmare,the-goldman-clause,1,50
mendelian-nightmare,the-bagelers,58,19
mendelian-nightmare,null,22,37
mendelian-nightmare,nurv,64,1
mendelian-nightmare,gg-no-re,53,12
mendelian-nightmare,linymf,41,0
mendelian-nightmare,paper-pumpkin-posse,0,61
mendelian-nightmare,bojibbles,68,2
mendelian-nightmare,u-w0t-m8,1,64
mendelian-nightmare,the-great-dequeue-tree,45,1
mendelian-nightmare,failedtomakeateamname_2jpg,15,59
mendelian-nightmare,rest-in-pepperonis,44,1
mendelian-nightmare,oversized-grow-lamp,0,64
mendelian-nightmare,the-ladder-dwellers,67,1
mendelian-nightmare,sudo-team,68,2
mendelian-nightmare,one-man-down,45,2
mendelian-nightmare,ratchet-rockers,53,7
mendelian-nightmare,420_cultivate_it,36,19
mendelian-nightmare,farally,44,4
mendelian-nightmare,we-came-for-the-food,0,74
mendelian-nightmare,lumate,55,5
mendelian-nightmare,the-ancients-are-at-mac-ten-spittin,6,53
mendelian-nightmare,petey-piranha,2,58
mendelian-nightmare,teem-bahd-spelers,6,31
mendelian-nightmare,little-team-of-horrors,35,3
mendelian-nightmare,farm-simulator-2014,28,31
mendelian-nightmare,cognitive-play,9,48
mendelian-nightmare,team-gen-knoxx,44,0
mendelian-nightmare,golbat-plants,1,69
mendelian-nightmare,we-came-for-the-shirts,44,7
mendelian-nightmare,the-square-roots,4,58
mendelian-nightmare,7-liters-of-darkness,20,47
mendelian-nightmare,the-casuals,54,7
mendelian-nightmare,tbredblacktree,43,4
mendelian-nightmare,the-deku-scrubs,1,53
paper-pumpkin-posse,noobcoder,14,2
paper-pumpkin-posse,kingdom-of-afternoon-naps,40,0
paper-pumpkin-posse,the-mad-robotanists,119,20
paper-pumpkin-posse,chios,29,0
paper-pumpkin-posse,wut,22,0
paper-pumpkin-posse,420_cultivate_it,23,0
paper-pumpkin-posse,binary-tree-stars,43,0
paper-pumpkin-posse,nausicaa,50,36
paper-pumpkin-posse,needs-review,103,16
paper-pumpkin-posse,something-fun,64,0
paper-pumpkin-posse,the-goldman-clause,108,23
paper-pumpkin-posse,the-bagelers,71,0
paper-pumpkin-posse,null,41,0
paper-pumpkin-posse,nurv,13,0
paper-pumpkin-posse,gg-no-re,12,0
paper-pumpkin-posse,linymf,15,0
paper-pumpkin-posse,teem-bahd-spelers,24,115
paper-pumpkin-posse,bojibbles,31,0
paper-pumpkin-posse,u-w0t-m8,59,0
paper-pumpkin-posse,the-great-dequeue-tree,21,0
paper-pumpkin-posse,failedtomakeateamname_2jpg,56,0
paper-pumpkin-posse,rest-in-pepperonis,22,0
paper-pumpkin-posse,oversized-grow-lamp,125,18
paper-pumpkin-posse,the-ladder-dwellers,15,0
paper-pumpkin-posse,sudo-team,15,0
paper-pumpkin-posse,one-man-down,46,0
paper-pumpkin-posse,ratchet-rockers,27,0
paper-pumpkin-posse,farm-simulator-2014,81,12
paper-pumpkin-posse,farally,17,0
paper-pumpkin-posse,we-came-for-the-food,45,54
paper-pumpkin-posse,lumate,17,0
paper-pumpkin-posse,the-ancients-are-at-mac-ten-spittin,55,1
paper-pumpkin-posse,petey-piranha,78,0
paper-pumpkin-posse,little-team-of-horrors,29,0
paper-pumpkin-posse,cognitive-play,103,3
paper-pumpkin-posse,team-gen-knoxx,11,0
paper-pumpkin-posse,mendelian-nightmare,61,0
paper-pumpkin-posse,golbat-plants,142,9
paper-pumpkin-posse,we-came-for-the-shirts,43,0
paper-pumpkin-posse,the-square-roots,126,9
paper-pumpkin-posse,7-liters-of-darkness,60,1
paper-pumpkin-posse,the-casuals,12,0
paper-pumpkin-posse,tbredblacktree,20,0
paper-pumpkin-posse,the-deku-scrubs,114,16
little-team-of-horrors,kingdom-of-afternoon-naps,38,23
little-team-of-horrors,noobcoder,58,3
little-team-of-horrors,the-mad-robotanists,0,35
little-team-of-horrors,chios,30,29
little-team-of-horrors,wut,34,30
little-team-of-horrors,420_cultivate_it,15,37
little-team-of-horrors,binary-tree-stars,8,41
little-team-of-horrors,nausicaa,0,36
little-team-of-horrors,golbat-plants,0,29
little-team-of-horrors,the-goldman-clause,0,21
little-team-of-horrors,something-fun,1,50
little-team-of-horrors,needs-review,0,31
little-team-of-horrors,the-bagelers,1,34
little-team-of-horrors,null,0,40
little-team-of-horrors,nurv,32,23
little-team-of-horrors,linymf,48,23
little-team-of-horrors,teem-bahd-spelers,0,30
little-team-of-horrors,bojibbles,24,32
little-team-of-horrors,u-w0t-m8,0,39
little-team-of-horrors,the-great-dequeue-tree,53,27
little-team-of-horrors,failedtomakeateamname_2jpg,0,59
little-team-of-horrors,rest-in-pepperonis,48,22
little-team-of-horrors,the-ladder-dwellers,41,27
little-team-of-horrors,sudo-team,38,22
little-team-of-horrors,one-man-down,0,46
little-team-of-horrors,ratchet-rockers,22,37
little-team-of-horrors,gg-no-re,45,20
little-team-of-horrors,farally,16,49
little-team-of-horrors,lumate,58,5
little-team-of-horrors,we-came-for-the-food,13,24
little-team-of-horrors,the-ancients-are-at-mac-ten-spittin,13,48
little-team-of-horrors,mendelian-nightmare,3,35
little-team-of-horrors,paper-pumpkin-posse,0,29
little-team-of-horrors,farm-simulator-2014,0,37
little-team-of-horrors,cognitive-play,0,33
little-team-of-horrors,team-gen-knoxx,61,0
little-team-of-horrors,petey-piranha,1,42
little-team-of-horrors,oversized-grow-lamp,0,31
little-team-of-horrors,we-came-for-the-shirts,6,51
little-team-of-horrors,the-square-roots,0,33
little-team-of-horrors,7-liters-of-darkness,5,50
little-team-of-horrors,the-casuals,79,2
little-team-of-horrors,tbredblacktree,17,38
little-team-of-horrors,the-deku-scrubs,0,24
farm-simulator-2014,kingdom-of-afternoon-naps,52,0
farm-simulator-2014,noobcoder,21,0
farm-simulator-2014,the-mad-robotanists,43,51
farm-simulator-2014,chios,56,1
farm-simulator-2014,wut,45,0
farm-simulator-2014,binary-tree-stars,42,47
farm-simulator-2014,nausicaa,88,0
farm-simulator-2014,needs-review,35,30
farm-simulator-2014,something-fun,6,87
farm-simulator-2014,the-goldman-clause,60,33
farm-simulator-2014,the-bagelers,2,73
farm-simulator-2014,null,76,0
farm-simulator-2014,nurv,33,0
farm-simulator-2014,gg-no-re,31,0
farm-simulator-2014,linymf,29,0
farm-simulator-2014,paper-pumpkin-posse,12,81
farm-simulator-2014,bojibbles,47,5
farm-simulator-2014,u-w0t-m8,61,1
farm-simulator-2014,the-great-dequeue-tree,30,0
farm-simulator-2014,failedtomakeateamname_2jpg,69,3
farm-simulator-2014,rest-in-pepperonis,31,0
farm-simulator-2014,oversized-grow-lamp,2,81
farm-simulator-2014,the-ladder-dwellers,44,0
farm-simulator-2014,sudo-team,33,0
farm-simulator-2014,one-man-down,39,6
farm-simulator-2014,ratchet-rockers,44,0
farm-simulator-2014,420_cultivate_it,44,0
farm-simulator-2014,farally,34,0
farm-simulator-2014,we-came-for-the-food,33,36
farm-simulator-2014,lumate,28,1
farm-simulator-2014,the-ancients-are-at-mac-ten-spittin,69,0
farm-simulator-2014,petey-piranha,48,18
farm-simulator-2014,teem-bahd-spelers,0,80
farm-simulator-2014,little-team-of-horrors,37,0
farm-simulator-2014,cognitive-play,11,55
farm-simulator-2014,team-gen-knoxx,16,0
farm-simulator-2014,mendelian-nightmare,31,28
farm-simulator-2014,golbat-plants,23,46
farm-simulator-2014,we-came-for-the-shirts,54,0
farm-simulator-2014,the-square-roots,42,53
farm-simulator-2014,7-liters-of-darkness,73,11
farm-simulator-2014,the-casuals,21,0
farm-simulator-2014,tbredblacktree,51,2
farm-simulator-2014,the-deku-scrubs,20,74
cognitive-play,kingdom-of-afternoon-naps,53,0
cognitive-play,noobcoder,33,2
cognitive-play,the-mad-robotanists,20,76
cognitive-play,chios,41,1
cognitive-play,wut,36,1
cognitive-play,420_cultivate_it,54,1
cognitive-play,binary-tree-stars,53,2
cognitive-play,nausicaa,21,52
cognitive-play,golbat-plants,36,70
cognitive-play,needs-review,51,34
cognitive-play,something-fun,88,2
cognitive-play,the-goldman-clause,40,33
cognitive-play,the-bagelers,75,0
cognitive-play,null,48,2
cognitive-play,nurv,30,0
cognitive-play,gg-no-re,27,4
cognitive-play,linymf,37,0
cognitive-play,teem-bahd-spelers,63,43
cognitive-play,bojibbles,30,3
cognitive-play,u-w0t-m8,60,9
cognitive-play,the-great-dequeue-tree,36,2
cognitive-play,failedtomakeateamname_2jpg,49,8
cognitive-play,rest-in-pepperonis,41,2
cognitive-play,the-ladder-dwellers,34,2
cognitive-play,sudo-team,27,4
cognitive-play,one-man-down,41,0
cognitive-play,ratchet-rockers,39,1
cognitive-play,farm-simulator-2014,55,11
cognitive-play,farally,42,1
cognitive-play,lumate,45,2
cognitive-play,we-came-for-the-food,5,83
cognitive-play,the-ancients-are-at-mac-ten-spittin,49,15
cognitive-play,mendelian-nightmare,48,9
cognitive-play,paper-pumpkin-posse,3,103
cognitive-play,little-team-of-horrors,33,0
cognitive-play,team-gen-knoxx,25,1
cognitive-play,petey-piranha,22,54
cognitive-play,oversized-grow-lamp,3,84
cognitive-play,we-came-for-the-shirts,56,2
cognitive-play,the-square-roots,29,50
cognitive-play,7-liters-of-darkness,47,9
cognitive-play,the-casuals,26,1
cognitive-play,tbredblacktree,28,2
cognitive-play,the-deku-scrubs,14,95
team-gen-knoxx,noobcoder,65,14
team-gen-knoxx,kingdom-of-afternoon-naps,31,23
team-gen-knoxx,the-mad-robotanists,0,17
team-gen-knoxx,the-casuals,104,10
team-gen-knoxx,chios,7,62
team-gen-knoxx,wut,21,58
team-gen-knoxx,binary-tree-stars,2,31
team-gen-knoxx,nausicaa,0,22
team-gen-knoxx,needs-review,0,9
team-gen-knoxx,something-fun,0,34
team-gen-knoxx,the-goldman-clause,0,10
team-gen-knoxx,the-bagelers,0,41
team-gen-knoxx,null,0,53
team-gen-knoxx,nurv,23,71
team-gen-knoxx,gg-no-re,61,38
team-gen-knoxx,linymf,11,62
team-gen-knoxx,teem-bahd-spelers,0,24
team-gen-knoxx,bojibbles,13,70
team-gen-knoxx,u-w0t-m8,0,31
team-gen-knoxx,the-great-dequeue-tree,17,75
team-gen-knoxx,failedtomakeateamname_2jpg,0,29
team-gen-knoxx,rest-in-pepperonis,25,56
team-gen-knoxx,oversized-grow-lamp,0,9
team-gen-knoxx,the-ladder-dwellers,26,65
team-gen-knoxx,sudo-team,19,54
team-gen-knoxx,one-man-down,0,34
team-gen-knoxx,ratchet-rockers,4,62
team-gen-knoxx,420_cultivate_it,0,59
team-gen-knoxx,farally,13,55
team-gen-knoxx,we-came-for-the-food,23,33
team-gen-knoxx,lumate,99,0
team-gen-knoxx,the-ancients-are-at-mac-ten-spittin,0,34
team-gen-knoxx,mendelian-nightmare,0,44
team-gen-knoxx,paper-pumpkin-posse,0,11
team-gen-knoxx,little-team-of-horrors,0,61
team-gen-knoxx,cognitive-play,1,25
team-gen-knoxx,petey-piranha,1,39
team-gen-knoxx,golbat-plants,0,20
team-gen-knoxx,we-came-for-the-shirts,7,42
team-gen-knoxx,the-square-roots,0,11
team-gen-knoxx,7-liters-of-darkness,1,21
team-gen-knoxx,farm-simulator-2014,0,16
team-gen-knoxx,tbredblacktree,12,42
team-gen-knoxx,the-deku-scrubs,0,12
petey-piranha,kingdom-of-afternoon-naps,35,12
petey-piranha,noobcoder,32,1
petey-piranha,the-mad-robotanists,0,74
petey-piranha,chios,51,4
petey-piranha,wut,47,1
petey-piranha,binary-tree-stars,19,34
petey-piranha,nausicaa,0,83
petey-piranha,the-goldman-clause,4,54
petey-piranha,something-fun,53,30
petey-piranha,needs-review,5,58
petey-piranha,the-bagelers,40,21
petey-piranha,null,43,8
petey-piranha,nurv,41,2
petey-piranha,gg-no-re,40,4
petey-piranha,linymf,40,3
petey-piranha,paper-pumpkin-posse,0,78
petey-piranha,bojibbles,53,2
petey-piranha,u-w0t-m8,57,23
petey-piranha,the-great-dequeue-tree,53,1
petey-piranha,failedtomakeateamname_2jpg,0,71
petey-piranha,rest-in-pepperonis,39,2
petey-piranha,oversized-grow-lamp,0,65
petey-piranha,the-ladder-dwellers,43,0
petey-piranha,sudo-team,44,4
petey-piranha,one-man-down,35,20
petey-piranha,ratchet-rockers,64,7
petey-piranha,420_cultivate_it,51,0
petey-piranha,farally,52,3
petey-piranha,we-came-for-the-food,42,59
petey-piranha,lumate,30,3
petey-piranha,the-ancients-are-at-mac-ten-spittin,73,0
petey-piranha,mendelian-nightmare,58,2
petey-piranha,teem-bahd-spelers,1,65
petey-piranha,little-team-of-horrors,42,1
petey-piranha,farm-simulator-2014,18,48
petey-piranha,cognitive-play,54,22
petey-piranha,team-gen-knoxx,39,1
petey-piranha,golbat-plants,13,48
petey-piranha,we-came-for-the-shirts,48,2
petey-piranha,the-square-roots,3,58
petey-piranha,7-liters-of-darkness,16,67
petey-piranha,the-casuals,39,4
petey-piranha,tbredblacktree,46,2
petey-piranha,the-deku-scrubs,7,61
oversized-grow-lamp,noobcoder,14,0
oversized-grow-lamp,kingdom-of-afternoon-naps,36,0
oversized-grow-lamp,the-mad-robotanists,57,79
oversized-grow-lamp,chios,43,0
oversized-grow-lamp,wut,26,0
oversized-grow-lamp,binary-tree-stars,41,0
oversized-grow-lamp,nausicaa,94,0
oversized-grow-lamp,the-goldman-clause,41,61
oversized-grow-lamp,something-fun,72,1
oversized-grow-lamp,needs-review,71,32
oversized-grow-lamp,the-bagelers,79,0
oversized-grow-lamp,the-casuals,10,0
oversized-grow-lamp,nurv,27,0
oversized-grow-lamp,gg-no-re,22,0
oversized-grow-lamp,linymf,22,0
oversized-grow-lamp,paper-pumpkin-posse,18,125
oversized-grow-lamp,bojibbles,32,0
oversized-grow-lamp,u-w0t-m8,58,1
oversized-grow-lamp,the-great-dequeue-tree,26,0
oversized-grow-lamp,failedtomakeateamname_2jpg,76,0
oversized-grow-lamp,rest-in-pepperonis,19,0
oversized-grow-lamp,the-ladder-dwellers,21,0
oversized-grow-lamp,sudo-team,19,0
oversized-grow-lamp,lumate,16,0
oversized-grow-lamp,one-man-down,34,0
oversized-grow-lamp,ratchet-rockers,49,0
oversized-grow-lamp,420_cultivate_it,33,0
oversized-grow-lamp,farally,35,0
oversized-grow-lamp,we-came-for-the-food,106,0
oversized-grow-lamp,null,48,0
oversized-grow-lamp,the-ancients-are-at-mac-ten-spittin,57,0
oversized-grow-lamp,mendelian-nightmare,64,0
oversized-grow-lamp,teem-bahd-spelers,88,36
oversized-grow-lamp,little-team-of-horrors,31,0
oversized-grow-lamp,cognitive-play,84,3
oversized-grow-lamp,team-gen-knoxx,9,0
oversized-grow-lamp,petey-piranha,65,0
oversized-grow-lamp,golbat-plants,40,68
oversized-grow-lamp,we-came-for-the-shirts,48,0
oversized-grow-lamp,the-square-roots,107,7
oversized-grow-lamp,7-liters-of-darkness,36,16
oversized-grow-lamp,farm-simulator-2014,81,2
oversized-grow-lamp,tbredblacktree,35,0
oversized-grow-lamp,the-deku-scrubs,10,106
we-came-for-the-shirts,noobcoder,39,16
we-came-for-the-shirts,kingdom-of-afternoon-naps,25,39
we-came-for-the-shirts,the-mad-robotanists,0,39
we-came-for-the-shirts,chios,33,36
we-came-for-the-shirts,wut,71,2
we-came-for-the-shirts,binary-tree-stars,8,70
we-came-for-the-shirts,nausicaa,1,53
we-came-for-the-shirts,we-came-for-the-food,0,52
we-came-for-the-shirts,needs-review,2,37
we-came-for-the-shirts,something-fun,0,67
we-came-for-the-shirts,the-goldman-clause,0,33
we-came-for-the-shirts,the-bagelers,1,65
we-came-for-the-shirts,the-casuals,53,6
we-came-for-the-shirts,nurv,69,3
we-came-for-the-shirts,gg-no-re,63,1
we-came-for-the-shirts,linymf,49,0
we-came-for-the-shirts,teem-bahd-spelers,0,59
we-came-for-the-shirts,bojibbles,58,3
we-came-for-the-shirts,u-w0t-m8,1,56
we-came-for-the-shirts,the-great-dequeue-tree,66,5
we-came-for-the-shirts,failedtomakeateamname_2jpg,0,62
we-came-for-the-shirts,rest-in-pepperonis,49,22
we-came-for-the-shirts,oversized-grow-lamp,0,48
we-came-for-the-shirts,the-ladder-dwellers,56,5
we-came-for-the-shirts,sudo-team,59,4
we-came-for-the-shirts,one-man-down,0,47
we-came-for-the-shirts,ratchet-rockers,40,19
we-came-for-the-shirts,420_cultivate_it,57,21
we-came-for-the-shirts,farally,64,10
we-came-for-the-shirts,lumate,48,9
we-came-for-the-shirts,null,68,26
we-came-for-the-shirts,the-ancients-are-at-mac-ten-spittin,13,57
we-came-for-the-shirts,mendelian-nightmare,7,44
we-came-for-the-shirts,paper-pumpkin-posse,0,43
we-came-for-the-shirts,little-team-of-horrors,51,6
we-came-for-the-shirts,cognitive-play,2,56
we-came-for-the-shirts,team-gen-knoxx,42,7
we-came-for-the-shirts,petey-piranha,2,48
we-came-for-the-shirts,golbat-plants,0,40
we-came-for-the-shirts,the-square-roots,0,57
we-came-for-the-shirts,7-liters-of-darkness,6,43
we-came-for-the-shirts,farm-simulator-2014,0,54
we-came-for-the-shirts,tbredblacktree,66,7
we-came-for-the-shirts,the-deku-scrubs,0,40
the-square-roots,kingdom-of-afternoon-naps,40,0
the-square-roots,noobcoder,26,0
the-square-roots,the-mad-robotanists,91,14
the-square-roots,the-casuals,13,0
the-square-roots,chios,32,0
the-square-roots,wut,27,0
the-square-roots,binary-tree-stars,67,0
the-square-roots,nausicaa,74,0
the-square-roots,needs-review,16,68
the-square-roots,something-fun,41,30
the-square-roots,the-goldman-clause,10,87
the-square-roots,the-bagelers,48,12
the-square-roots,null,52,0
the-square-roots,nurv,23,0
the-square-roots,gg-no-re,19,0
the-square-roots,linymf,29,0
the-square-roots,paper-pumpkin-posse,9,126
the-square-roots,bojibbles,37,1
the-square-roots,u-w0t-m8,90,3
the-square-roots,the-great-dequeue-tree,34,0
the-square-roots,failedtomakeateamname_2jpg,80,5
the-square-roots,rest-in-pepperonis,29,0
the-square-roots,oversized-grow-lamp,7,107
the-square-roots,the-ladder-dwellers,21,0
the-square-roots,sudo-team,23,0
the-square-roots,one-man-down,51,1
the-square-roots,ratchet-rockers,45,0
the-square-roots,420_cultivate_it,43,0
the-square-roots,farally,40,0
the-square-roots,we-came-for-the-food,61,22
the-square-roots,lumate,26,0
the-square-roots,the-ancients-are-at-mac-ten-spittin,57,0
the-square-roots,mendelian-nightmare,58,4
the-square-roots,teem-bahd-spelers,53,63
the-square-roots,little-team-of-horrors,33,0
the-square-roots,cognitive-play,50,29
the-square-roots,team-gen-knoxx,11,0
the-square-roots,petey-piranha,58,3
the-square-roots,golbat-plants,13,70
the-square-roots,we-came-for-the-shirts,57,0
the-square-roots,7-liters-of-darkness,81,6
the-square-roots,farm-simulator-2014,53,42
the-square-roots,tbredblacktree,41,0
the-square-roots,the-deku-scrubs,79,17
7-liters-of-darkness,kingdom-of-afternoon-naps,46,6
7-liters-of-darkness,noobcoder,26,2
7-liters-of-darkness,the-mad-robotanists,10,76
7-liters-of-darkness,chios,54,0
7-liters-of-darkness,wut,39,2
7-liters-of-darkness,binary-tree-stars,55,3
7-liters-of-darkness,nausicaa,3,66
7-liters-of-darkness,golbat-plants,12,74
7-liters-of-darkness,the-goldman-clause,0,66
7-liters-of-darkness,something-fun,65,5
7-liters-of-darkness,needs-review,0,69
7-liters-of-darkness,the-bagelers,63,5
7-liters-of-darkness,null,44,14
7-liters-of-darkness,nurv,48,3
7-liters-of-darkness,gg-no-re,32,4
7-liters-of-darkness,linymf,34,2
7-liters-of-darkness,the-casuals,35,6
7-liters-of-darkness,bojibbles,36,7
7-liters-of-darkness,u-w0t-m8,48,19
7-liters-of-darkness,the-great-dequeue-tree,48,5
7-liters-of-darkness,failedtomakeateamname_2jpg,42,31
7-liters-of-darkness,rest-in-pepperonis,35,5
7-liters-of-darkness,the-ladder-dwellers,40,2
7-liters-of-darkness,sudo-team,40,1
7-liters-of-darkness,teem-bahd-spelers,15,64
7-liters-of-darkness,one-man-down,44,12
7-liters-of-darkness,ratchet-rockers,58,6
7-liters-of-darkness,420_cultivate_it,55,4
7-liters-of-darkness,farally,57,4
7-liters-of-darkness,we-came-for-the-food,20,41
7-liters-of-darkness,lumate,32,4
7-liters-of-darkness,the-ancients-are-at-mac-ten-spittin,49,18
7-liters-of-darkness,petey-piranha,67,16
7-liters-of-darkness,paper-pumpkin-posse,1,60
7-liters-of-darkness,little-team-of-horrors,50,5
7-liters-of-darkness,cognitive-play,9,47
7-liters-of-darkness,team-gen-knoxx,21,1
7-liters-of-darkness,mendelian-nightmare,47,20
7-liters-of-darkness,oversized-grow-lamp,16,36
7-liters-of-darkness,we-came-for-the-shirts,43,6
7-liters-of-darkness,the-square-roots,6,81
7-liters-of-darkness,farm-simulator-2014,11,73
7-liters-of-darkness,tbredblacktree,45,7
7-liters-of-darkness,the-deku-scrubs,29,67
the-casuals,noobcoder,75,19
the-casuals,kingdom-of-afternoon-naps,30,41
the-casuals,the-mad-robotanists,0,13
the-casuals,chios,6,82
the-casuals,wut,28,71
the-casuals,binary-tree-stars,3,49
the-casuals,nausicaa,0,30
the-casuals,needs-review,0,19
the-casuals,something-fun,0,40
the-casuals,the-goldman-clause,0,9
the-casuals,the-bagelers,0,46
the-casuals,null,0,57
the-casuals,nurv,24,74
the-casuals,gg-no-re,90,50
the-casuals,linymf,16,67
the-casuals,paper-pumpkin-posse,0,12
the-casuals,bojibbles,19,60
the-casuals,u-w0t-m8,0,33
the-casuals,the-great-dequeue-tree,26,82
the-casuals,failedtomakeateamname_2jpg,0,36
the-casuals,rest-in-pepperonis,21,39
the-casuals,oversized-grow-lamp,0,10
the-casuals,the-ladder-dwellers,30,84
the-casuals,sudo-team,26,88
the-casuals,one-man-down,0,35
the-casuals,ratchet-rockers,2,63
the-casuals,420_cultivate_it,0,89
the-casuals,farally,19,78
the-casuals,we-came-for-the-food,7,22
the-casuals,lumate,111,0
the-casuals,the-ancients-are-at-mac-ten-spittin,0,37
the-casuals,mendelian-nightmare,7,54
the-casuals,teem-bahd-spelers,0,10
the-casuals,little-team-of-horrors,2,79
the-casuals,cognitive-play,1,26
the-casuals,team-gen-knoxx,10,104
the-casuals,petey-piranha,4,39
the-casuals,golbat-plants,0,16
the-casuals,we-came-for-the-shirts,6,53
the-casuals,the-square-roots,0,13
the-casuals,7-liters-of-darkness,6,35
the-casuals,farm-simulator-2014,0,21
the-casuals,tbredblacktree,23,56
the-casuals,the-deku-scrubs,0,27
tbredblacktree,noobcoder,29,42
tbredblacktree,kingdom-of-afternoon-naps,0,74
tbredblacktree,the-mad-robotanists,0,27
tbredblacktree,the-casuals,56,23
tbredblacktree,chios,26,42
tbredblacktree,wut,60,23
tbredblacktree,binary-tree-stars,27,35
tbredblacktree,nausicaa,0,37
tbredblacktree,golbat-plants,0,36
tbredblacktree,the-goldman-clause,1,28
tbredblacktree,something-fun,0,59
tbredblacktree,needs-review,1,30
tbredblacktree,the-bagelers,0,59
tbredblacktree,null,1,62
tbredblacktree,nurv,57,15
tbredblacktree,gg-no-re,65,18
tbredblacktree,linymf,49,12
tbredblacktree,paper-pumpkin-posse,0,20
tbredblacktree,bojibbles,58,29
tbredblacktree,u-w0t-m8,17,41
tbredblacktree,the-great-dequeue-tree,54,15
tbredblacktree,failedtomakeateamname_2jpg,2,51
tbredblacktree,rest-in-pepperonis,47,21
tbredblacktree,the-ladder-dwellers,59,16
tbredblacktree,sudo-team,57,22
tbredblacktree,one-man-down,9,52
tbredblacktree,ratchet-rockers,39,36
tbredblacktree,420_cultivate_it,10,53
tbredblacktree,farally,66,33
tbredblacktree,lumate,45,32
tbredblacktree,we-came-for-the-food,0,51
tbredblacktree,the-ancients-are-at-mac-ten-spittin,0,73
tbredblacktree,petey-piranha,2,46
tbredblacktree,teem-bahd-spelers,0,35
tbredblacktree,little-team-of-horrors,38,17
tbredblacktree,cognitive-play,2,28
tbredblacktree,team-gen-knoxx,42,12
tbredblacktree,mendelian-nightmare,4,43
tbredblacktree,oversized-grow-lamp,0,35
tbredblacktree,we-came-for-the-shirts,7,66
tbredblacktree,the-square-roots,0,41
tbredblacktree,7-liters-of-darkness,7,45
tbredblacktree,farm-simulator-2014,2,51
tbredblacktree,the-deku-scrubs,0,46
the-deku-scrubs,noobcoder,20,0
the-deku-scrubs,kingdom-of-afternoon-naps,38,0
the-deku-scrubs,the-mad-robotanists,11,74
the-deku-scrubs,the-casuals,27,0
the-deku-scrubs,chios,53,0
the-deku-scrubs,wut,25,0
the-deku-scrubs,binary-tree-stars,83,2
the-deku-scrubs,nausicaa,2,81
the-deku-scrubs,golbat-plants,64,45
the-deku-scrubs,the-goldman-clause,57,18
the-deku-scrubs,something-fun,71,1
the-deku-scrubs,needs-review,10,61
the-deku-scrubs,the-bagelers,20,46
the-deku-scrubs,null,63,0
the-deku-scrubs,nurv,30,0
the-deku-scrubs,gg-no-re,19,0
the-deku-scrubs,linymf,21,0
the-deku-scrubs,paper-pumpkin-posse,16,114
the-deku-scrubs,bojibbles,35,0
the-deku-scrubs,u-w0t-m8,71,0
the-deku-scrubs,the-great-dequeue-tree,31,0
the-deku-scrubs,failedtomakeateamname_2jpg,83,0
the-deku-scrubs,rest-in-pepperonis,25,0
the-deku-scrubs,the-ladder-dwellers,33,0
the-deku-scrubs,sudo-team,21,0
the-deku-scrubs,one-man-down,49,11
the-deku-scrubs,ratchet-rockers,39,0
the-deku-scrubs,420_cultivate_it,42,0
the-deku-scrubs,farally,49,0
the-deku-scrubs,lumate,27,0
the-deku-scrubs,we-came-for-the-food,58,10
the-deku-scrubs,the-ancients-are-at-mac-ten-spittin,67,0
the-deku-scrubs,mendelian-nightmare,53,1
the-deku-scrubs,teem-bahd-spelers,0,88
the-deku-scrubs,little-team-of-horrors,24,0
the-deku-scrubs,cognitive-play,95,14
the-deku-scrubs,team-gen-knoxx,12,0
the-deku-scrubs,petey-piranha,61,7
the-deku-scrubs,oversized-grow-lamp,106,10
the-deku-scrubs,we-came-for-the-shirts,40,0
the-deku-scrubs,the-square-roots,17,79
the-deku-scrubs,7-liters-of-darkness,67,29
the-deku-scrubs,farm-simulator-2014,74,20
the-deku-scrubs,tbredblacktree,46,0
